"_api_name","_dir","_genres","_plot","_rating","_title","_type","_year"
"netflix","12 Angry Men (1957)","Classic Movies","Knowing full well that a guilty verdict means death, a jury of 12 men must decide the fate of an 18-year-old boy accused of killing his father.","4.1","12 Angry Men","movie","1957"
"netflix","American Beauty (1999)","Dramas","While struggling to endure his tightly wound wife, an unfulfilling job and a surly teen, a man becomes obsessed with one of his daughter's friends.","3.8","American Beauty","movie","1999"
"netflix","American Mary (2012)","Horror Movies","Medical student Mary Mason is becoming dissatisfied with her path in life, mostly because she's piling up massive debt. But when she's offered a lucrative opportunity to get involved in extreme body-modification surgeries, she jumps at the chance.","3.6","American Mary","movie","2012"
"netflix","Pulp Fiction (1994)","Oscar-winning Movies","Weaving together three stories featuring a burger-loving hit man, his philosophical partner and a washed-up boxer, Quentin Tarantino influenced a generation of filmmakers with this crime caper's stylized, over-the-top violence and dark comic spirit.","4.1","Pulp Fiction","movie","1994"
"netflix","Ravenous (1999)","Cult Movies","In 19th-century California, soldiers at an Army outpost treat an injured man who tells them horrific tales of resorting to cannibalism while stranded.","3.4","Ravenous","movie","1999"
"netflix","Reservoir Dogs (1992)","Independent Movies","Quentin Tarantino's directorial debut is raw, violent, often mimicked -- and unforgettable. A botched robbery indicates a police informant, and the pressure mounts in the aftermath at a warehouse. Crime begets violence as the survivors unravel.","4.0","Reservoir Dogs","movie","1992"
"netflix","Silenced (2011)","Dramas","Though it is hard to believe, this is the true account of what took place inside a school for the deaf. For about 5 years since 2000, the principal and some teachers committed inhumane sexual molestation and abuse against some deaf children. Though we do not want to accept it, it is true. It is time to face this horrible truth.","4.0","Silenced","movie","2011"
"netflix","Snatch (2000)","Comedies","A gangster transporting a stolen gem inadvertently triggers a slew of events that wends through the worlds of bookies, bare-knuckle boxing and swine.","4.0","Snatch","movie","2000"
"netflix","Snowpiercer (2013)","Sci-Fi & Fantasy","The Earth's remaining inhabitants are confined to a single train circling the globe as revolution brews among the class-divided cars.","3.4","Snowpiercer","movie","2013"
"netflix","Stalker (1979)","Thrillers","Following a stress-induced breakdown after penning a best-seller, Paula Martin retreats to her childhood holiday home to recover. But the old house is full of secrets and mysteries that distract and disturb the fragile writer.","2.8","Stalker","movie","2010"
"netflix","Django Unchained (2012)","Dramas","Accompanied by a German bounty hunter, a freed slave named Django travels across America to free his wife from a sadistic plantation owner.","4.0","Django Unchained","movie","2012"
"netflix","Dredd (2012)","Action & Adventure","In the future, catastrophic wars have transformed Earth into a barren wasteland with the remaining population crowded into megacities, where all-powerful cops -- including the ultraviolent Judge Dredd -- are on the hunt for drug-dealing terrorists.","3.8","Dredd","movie","2012"
"netflix","Eureka (2000)","TV Shows","When he takes the job of sheriff of the little town of Eureka, Ore., ex-U.S. marshal Jack Carter (Colin Ferguson) discovers that the community's quiet citizens are actually brilliant scientists working for a dangerous top-secret research facility. As he works to fix the damage caused by experimental technology gone disastrously awry, Carter keeps a watchful eye on his rebellious daughter. Jordan Hinson co-stars in this offbeat sci-fi series.","4.2","Eureka","movie","2006"
"netflix","Exit Through the Gift Shop (2010)","Documentaries","Filmmaker Thierry Guetta's project to chronicle the underground world of street art takes a fascinating twist when he meets stencil artist Banksy.","3.9","Exit Through the Gift Shop","movie","2010"
"netflix","Fish Tank (2009)","Dramas","The life of hot-tempered teen outcast Mia takes an unexpected turn when her mother, Joanne, brings home a handsome and mysterious boyfriend named Connor, who pledges to bring sweeping positive changes to the household.","3.4","Fish Tank","movie","2009"
"netflix","Forrest Gump (1994)","Dramas","Forrest Gump, a friendly, simpleminded man, finds himself in the middle of nearly every major event of the 1960s and '70s.","4.3","Forrest Gump","movie","1994"
"netflix","Killing Them Softly (2012)","Thrillers","When a couple low-level crooks rob a Mob-protected poker game, a slick enforcer is hired to track down the offenders and take care of business.","2.6","Killing Them Softly","movie","2012"
"netflix","Laurence Anyways (2012)","Dramas","When high school teacher Laurence decides to live as a woman, he must overcome the resistance of his devoted fiancée and his bewildered family.","2.9","Laurence Anyways","movie","2012"
"netflix","Lost in Translation (2003)","Oscar-winning Movies","Two lost souls visiting Tokyo -- the young, neglected wife of a photographer and a washed-up movie star shooting a TV commercial -- find an odd solace and pensive freedom to be real in each other's company, away from their lives in America.","3.2","Lost in Translation","movie","2003"
"netflix","Memento (2000)","Independent Movies","Suffering short-term memory loss after a head injury, Leonard Shelby embarks on a grim quest to find out who murdered his wife. Shelby snaps Polaroids of people and places, jotting down contextual notes on the backs of photos to aid in his search.","3.8","Memento","movie","2000"
"netflix","Blue Ruin (2013)","Thrillers","Bad news from the past unhinges vagabond Dwight Evans, sending him on a mission of bloody retribution that takes him to his childhood hometown.","3.2","Blue Ruin","movie","2013"
"netflix","Dead Man (1995)","Action & Adventure","Only Jim Jarmusch could direct a Western like this: a poetry-loving American Indian mistakes accountant William Blake (Johnny Depp) for the English writer by the same name, while bounty hunters take Blake for a murderer. Jarmusch packs his independent-minded film with an unlikely collection of castmates, including Iggy Pop, Gabriel Byrne, John Hurt -- and Robert Mitchum, in one of his final big-screen roles.","3.5","Dead Man","movie","1995"
"netflix","There Will Be Blood (2007)","Oscar-winning Movies","In this expansive drama, ambitious prospector Daniel Plainview strikes it rich when he buys the oil rights to a California family's ranch. As he turns a simple village into a boomtown, Plainview stokes the ire of a charismatic young preacher.","3.7","There Will Be Blood","movie","2007"
"netflix","Traffic (2000)","Oscar-winning Movies","Interlacing three disturbing snapshots of America's drug war, this Oscar-winning saga follows a U.S. drug czar who learns his daughter's an addict, a Mexican cop caught in a corrupt system and a housewife forced to take over the family drug business.","3.8","Traffic","movie","2000"
"netflix","Trainspotting (1996)","Comedies","Danny Boyle's explosive 1996 film tracks the misadventures of young men (played by a cast that includes Ewan MacGregor, Robert Carlyle and Jon Lee Miller) trying to find their way out of joblessness, aimless relationships and drug addiction. Some are successful, while others are hopelessly not. Based on Irvine Walsh's novel, Trainspotting melds grit with poetry, resulting in a film of harsh truths and stunning grace.","3.8","Trainspotting","movie","1996"
"netflix","Valhalla Rising (2009)","Action & Adventure","Disfigured warrior One-Eye kills his master and escapes, taking the man's young son with him. The pair sets sail with a band of Christian Crusaders bound for the Holy Land, but they arrive in the nightmarish New World instead.","2.9","Valhalla Rising","movie","2009"
"netflix","Waking Life (2001)","Dramas","Richard Linklater's animated film follows a young man's philosophical discussions with a succession of eccentrics and passionate thinkers.","3.6","Waking Life","movie","2001"
"netflix","Welcome to Dongmakgol (2005)","Action & Adventure","In a remote village in war-ravaged Korea, fate brings together a U.S. fighter pilot whose plane crash-landed, three retreating North Korean soldiers and two lost South Korean soldiers. The three work together to save the village from destruction.","3.8","Welcome to Dongmakgol","movie","2005"
"netflix","Zodiac (2007)","Dramas","Based on events in the 1960s and '70s, this chilling drama recounts the actions of a killer who stalked the streets of San Francisco and left clues in the newspaper, relating the mystery through a cartoonist who became obsessed with the case.","3.5","Zodiac","movie","2007"
"netflix","Barbara (2012)","Dramas","In 1980 East Germany, Barbara, a doctor, is reassigned to a small rural hospital as punishment for trying to find work in the West. Biding time until her lover can help her defect, Barbara begins to suspect that her new boss knows of her plans.","3.6","Barbara","movie","2012"
"netflix","Gattaca (1997)","Sci-Fi & Fantasy","In a future where status is determined by genetics, a genetically flawed man conspires to game the system in order to achieve his lifelong dream.","3.7","Gattaca","movie","1997"
"netflix","Gladiator (2000)","Action & Adventure","Tapped for the throne after the death of the emperor, a Roman general instead finds himself condemned to die by the late ruler's power-hungry son.","4.3","Gladiator","movie","2000"
"netflix","Good Will Hunting (1997)","Independent Movies","When professors discover that an aimless janitor is also a math genius, a therapist helps the young man confront the demons that are holding him back.","4.1","Good Will Hunting","movie","1997"
"netflix","Harakiri (1962)","Classic Movies","An adaptation of Madame Butterfly, the tragic romance HARAKIRI indulged Lang's fascination with Asian culture and Orientalist design. Filmed on the outskirts of Berlin, Lang strived for authenticity, and obtained sets and costumes from the Hamburg Anthropological Museum.","2.2","Harakiri","movie","1919"
"netflix","Into The Wild (2007)","Dramas","A young man gives up everything -- including his trust fund and ties to a seemingly stable family -- to lead a solitary life in the wild, eschewing convention to trek across Alaska's harsh and unforgiving terrain.","3.8","Into the Wild","movie","2007"
"netflix","Jackie Brown (1997)","Dramas","Jackie Brown is an aging flight attendant who smuggles cash on the side. But when she's busted and pressured to help with an investigation, she plans to play the opposing forces against each other and walk away with the dough.","3.7","Jackie Brown","movie","1997"
"netflix","Nobody Knows (2004)","Dramas","Japanese director Hirokazu Koreeda's touching film follows the empty lives of 12-year-old Akira (Y&#251;ya Yagira) and his three younger siblings (Ayu Kitaura, Hiei Kimura and Momoko Shimizu) after their mother abandons them in a tiny Tokyo apartment. Pragmatic, determined and wise beyond his years, Akira manages the household as best he can -- but eventually the money runs out, and the children must find new ways to survive. Based on a true story.","3.7","Nobody Knows","movie","2005"
"netflix","Paths of Glory (1957)","Dramas","After French troops refuse to accept orders amounting to a suicide mission against German fire, the army tries the soldiers on charges of cowardice.","3.8","Paths of Glory","movie","1957"
"netflix","Pi (1998)","Dramas","Darren Aronofsky's jarring black-and-white brain-bender is a haunting examination of one man's numerical obsession. The story follows a fragile number theorist who's on the trail of a 216-digit number that could unlock the secrets of the universe.","3.5","Pi","movie","1998"
"netflix","The Chaser (2008)","Foreign Movies","When his escorts start disappearing without settling their debts, a cash-strapped pimp -- and former police detective -- draws upon the skills of his old job to track down one of his recently missing prostitutes.","3.8","The Chaser","movie","2008"
"netflix","The Elephant Man (1980)","Independent Movies","With a disfigured face and barely perceptible speech, John Merrick endures ostracizing behavior as a sideshow attraction in mid-19th century England.","3.7","The Elephant Man","movie","1980"
"netflix","The Flowers Of War (2011)","Dramas","In 1937, as the Japanese army brutally invades the Chinese city of Nanking, an American mortician is trapped inside a western cathedral and vows to protect a group of young schoolgirls and 13 courtesans who are seeking refuge from the soldiers.","3.9","The Flowers of War","movie","2011"
"netflix","The Game (1997)","TV Shows","Medical student Melanie Barnett (Tia Mowry) gives up a promising future as a doctor to follow her boyfriend, Derwin Davis (Pooch Hall), as he starts his pro football career with the San Diego Sabers. Out of her element, Melanie must find her place within the high-powered world of professional sports. Refusing to become a trophy wife, she pursues her passions while getting to know various other personalities who orbit the team.","4.2","The Game","movie","2006"
"netflix","The Hunt (2012)","Dramas","In this Oscar nominated film, Lucas has a new job and a girlfriend, and is working on his relationship with his teenage son. But an unfounded accusation of pedophilia changes everything as his community turns against him.","3.9","The Hunt","movie","2012"
"netflix","The Man From Nowhere (2010)","Action & Adventure","Tae-Sik is a widower with a mysterious past. When a young girl he befriends is kidnapped by a vicious drug gang, Tae-Sik rushes to save her. Hell-bent on justice after being framed by the nasty criminals, he takes the law into his own hands.","4.2","The Man from Nowhere","movie","2010"
"netflix","The Pursuit of Happyness (2006)","Documentaries","Filmmaker Patrick McGuinn follows the Aluminum Group (composed of Navin brothers Frank and John) on their 2003 tour of Italy, as they win over audiences with their Prada tuxedoes and intellectual spin on 1970s smooth pop.","2.3","The Pursuit of Happyness","movie","2005"
"netflix","The Truman Show (1998)","Dramas","Truman Burbank is the star of ""The Truman Show,"" a 24-hour-a-day TV phenomenon that broadcasts every aspect of his life without his knowledge.","3.7","The Truman Show","movie","1998"
"netflix","The Usual Suspects (1995)","Oscar-winning Movies","When five unacquainted crooks are hauled into a police station to appear in a criminal lineup, they decide to pull off a heist together. The plan gets complicated, however, when they intermix with an underworld kingpin named Keyser S&#246;ze.","4.3","The Usual Suspects","movie","1995"
"netflix","Capote (2005)","Oscar-winning Movies","The toast of New York City society after penning ""Breakfast at Tiffany's,"" flamboyant writer Truman Capote finds himself in a dance with the devil while researching the Clutter family murders for his masterwork, ""In Cold Blood.""","3.6","Capote","movie","2005"
"netflix","Confessions Of A Dangerous Mind (2002)","Comedies","Trash-TV maven Chuck Barris has it all -- the hit series ""The Gong Show"" and the love of a good woman. But he also has a big, dark secret: He's a CIA assassin who kills while purportedly escorting his game show winners on their vacation prizes.","3.3","Confessions of a Dangerous Mind","movie","2002"
"omdb","12 Angry Men (1957)","Crime, Drama","A dissenting juror in a murder trial slowly manages to convince the others that the case is not as obviously clear as it seemed in court.","8.9","12 Angry Men","movie","1957"
"omdb","2001 A Space Odyssey (1968)","Mystery, Sci-Fi","Humanity finds a mysterious, obviously artificial, object buried beneath the Lunar surface and, with the intelligent computer H.A.L. 9000, sets off on a quest.","8.3","2001: A Space Odyssey","movie","1968"
"omdb","25th Hour (2002)","Crime, Drama","Cornered by the DEA, convicted New York drug dealer Montgomery Brogan reevaluates his life in the 24 remaining hours before facing a seven-year jail term.","7.7","25th Hour","movie","2002"
"omdb","A Beautiful Mind (2001)","Biography, Drama","After a brilliant but asocial mathematician, John Nash, accepts secret work in cryptography, his life takes a turn for the nightmarish.","8.2","A Beautiful Mind","movie","2001"
"omdb","A Bittersweet Life (2005)","Action, Crime, Drama","Things go wrong for a high ranking mobster when he doesn't proceed by his boss's orders.","7.7","A Bittersweet Life","movie","2005"
"omdb","A Brilliant Young Mind (2014)","Comedy, Drama","A socially awkward teenage math prodigy finds new confidence and new friendships when he lands a spot on the British squad at the International Mathematics Olympiad.","7.2","A Brilliant Young Mind","movie","2014"
"omdb","A Scanner Darkly (2006)","Animation, Sci-Fi, Thriller","An undercover cop in a not-too-distant future becomes involved with a dangerous new drug and begins to lose his own identity as a result.","7.1","A Scanner Darkly","movie","2006"
"omdb","Abre Los Ojos (1997)","Short, Comedy, Drama","What did you take? Drugs or just alcohol?","N/A","Abre los ojos","movie","2013"
"omdb","American Beauty (1999)","Drama, Romance","A sexually frustrated suburban father has a mid-life crisis after becoming infatuated with his daughter's best friend.","8.4","American Beauty","movie","1999"
"omdb","American Gangster (2007)","Biography, Crime, Drama","In 1970s America, a detective works to bring down the drug empire of Frank Lucas, a heroin kingpin from Manhattan, who is smuggling the drug into the country from the Far East.","7.8","American Gangster","movie","2007"
"omdb","American History X (1998)","Crime, Drama","A former neo-nazi skinhead tries to prevent his younger brother from going down the same wrong path that he did.","8.6","American History X","movie","1998"
"omdb","American Mary (2012)","Crime, Drama, Horror","The allure of easy money sends Mary Mason, a medical student, into the world of underground surgeries which ends up leaving more marks on her than her so called ""freakish"" clients.","6.3","American Mary","movie","2012"
"omdb","American Sniper (2014)","Action, Biography, Drama","Navy SEAL sniper Chris Kyle's pinpoint accuracy saves countless lives on the battlefield and turns him into a legend. Back home to his wife and kids after four tours of duty, however, Chris finds that it is the war he can't leave behind.","7.3","American Sniper","movie","2014"
"omdb","Anna Karenina (2012)","Drama, Romance","In late-19th-century Russian high society, St. Petersburg aristocrat Anna Karenina enters into a life-changing affair with the dashing Count Alexei Vronsky.","6.6","Anna Karenina","movie","2012"
"omdb","Another Earth (2011)","Drama, Romance, Sci-Fi","On the night of the discovery of a duplicate Earth in the Solar system, an ambitious young student and an accomplished composer cross paths in a tragic accident.","7.0","Another Earth","movie","2011"
"omdb","Predestination (2014)","Drama, Mystery, Sci-Fi","The life of a time-traveling Temporal Agent. On his final assignment, he must pursue the one criminal that has eluded him throughout time.","7.4","Predestination","movie","2014"
"omdb","Primer (2004)","Drama, Sci-Fi, Thriller","Four friends/fledgling entrepreneurs, knowing that there's something bigger and more innovative than the different error-checking devices they've built, wrestle over their new invention.","7.0","Primer","movie","2004"
"omdb","Pulp Fiction (1994)","Crime, Drama","The lives of two mob hit men, a boxer, a gangster's wife, and a pair of diner bandits intertwine in four tales of violence and redemption.","8.9","Pulp Fiction","movie","1994"
"omdb","Ravenous (1999)","Horror, Thriller","Captain John Boyd's promotion stations him at a fort where a rescued man tells a disturbing tale of cannibalism.","7.1","Ravenous","movie","1999"
"omdb","Reservoir Dogs (1992)","Crime, Drama","After a simple jewelery heist goes terribly wrong, the surviving criminals begin to suspect that one of them is a police informant.","8.4","Reservoir Dogs","movie","1992"
"omdb","Road to Perdition (2002)","Crime, Drama, Thriller","Bonds of loyalty are put to the test when a hitman's son witnesses what his father does for a living.","7.7","Road to Perdition","movie","2002"
"omdb","Rope (1948)","Crime, Drama, Thriller","Two young men strangle their ""inferior"" classmate, hide his body in their apartment, and invite his friends and family to a dinner party as a means to challenge the ""perfection"" of their crime.","8.0","Rope","movie","1948"
"omdb","Rushmore (1998)","Comedy, Drama","The extracurricular king of Rushmore preparatory school is put on academic probation.","7.7","Rushmore","movie","1998"
"omdb","Se7en (1995)","Drama, Mystery, Thriller","Two detectives, a rookie and a veteran, hunt a serial killer who uses the seven deadly sins as his modus operandi.","8.6","Se7en","movie","1995"
"omdb","Sea Fog (2014)","Drama, Thriller","N/A","N/A","Sea Fog","movie","2014"
"omdb","Seven Samurai (1954)","Drama","A poor village under attack by bandits recruits seven unemployed samurai to help them defend themselves.","8.7","Seven Samurai","movie","1954"
"omdb","Silenced (2011)","Drama","Gang In-ho, who is working to earn money for his daughter's surgery, is appointed to a school for hearing-impaired children in Gwangju. But what he discovers there is an ugly truth: the ...","7.9","Silenced","movie","2011"
"omdb","Sin City (2005)","Crime, Thriller","A film that explores the dark and miserable town, Basin City, and tells the story of three different people, all caught up in violent corruption.","8.1","Sin City","movie","2005"
"omdb","Sin City A Dame to Kill For (2014)","Crime, Thriller","Some of Sin City's most hard-boiled citizens cross paths with a few of its more reviled inhabitants.","6.6","Sin City: A Dame to Kill For","movie","2014"
"omdb","Sleuth (2007)","Mystery, Thriller","A man who loves games and theater invites his wife's lover to meet him, setting up a battle of wits with potentially deadly results.","8.1","Sleuth","movie","1972"
"omdb","Snatch (2000)","Adult","N/A","N/A","Snatch","movie","2006"
"omdb","Snowpiercer (2013)","Action, Drama, Sci-Fi","Set in a future where a failed climate-change experiment kills all life on the planet except for a lucky few who boarded the Snowpiercer, a train that travels around the globe, where a class system emerges.","7.0","Snowpiercer","movie","2013"
"omdb","Southland Tales (2006)","Comedy, Drama, Sci-Fi","During a three day heat wave just before a huge 4th of July celebration, an action star stricken with amnesia meets up with a porn star who is developing her own reality TV project, and a policeman who holds the key to a vast conspiracy.","5.5","Southland Tales","movie","2006"
"omdb","Spring Summer Fall Winter and Spring (2003)","Drama","On an isolated lake, an old monk lives on a small floating temple. The wise master has also a young boy with him who learns to become a monk. And we watch as seasons and years pass by.","8.1","Spring, Summer, Fall, Winter... and Spring","movie","2003"
"omdb","Stalker (1979)","Drama, Sci-Fi","A guide leads two men through an area known as the Zone to find a room that grants wishes.","8.2","Stalker","movie","1979"
"omdb","Star Wars (1977-2005)","Action, Adventure, Sci-Fi","N/A","7.8","Star Wars","movie","1983"
"omdb","Still Alice (2014)","Drama","A linguistics professor and her family find their bonds tested when she is diagnosed with Alzheimer's Disease.","7.5","Still Alice","movie","2014"
"omdb","Death Proof (2007)","Thriller","Two separate sets of voluptuous women are stalked at different times by a scarred stuntman who uses his ""death proof"" cars to execute his murderous plans.","7.1","Death Proof","movie","2007"
"omdb","Despicable Me 2 (2013)","Animation, Comedy, Family","When Gru, the world's most super-bad turned super-dad has been recruited by a team of officials to stop lethal muscle and a host of Gru's own, He has to fight back with new gadgetry, cars, and more minion madness.","7.5","Despicable Me 2","movie","2013"
"omdb","Disturbia (2007)","Drama, Mystery, Thriller","A teen living under house arrest becomes convinced his neighbor is a serial killer.","6.9","Disturbia","movie","2007"
"omdb","Divergent (2014)","Adventure, Mystery, Sci-Fi","In a world divided by factions based on virtues, Tris learns she's Divergent and won't fit in. When she discovers a plot to destroy Divergents, Tris and the mysterious Four must find out what makes Divergents dangerous before it's too late.","6.8","Divergent","movie","2014"
"omdb","Django Unchained (2012)","Western","With the help of a German bounty hunter, a freed slave sets out to rescue his wife from a brutal Mississippi plantation owner.","8.5","Django Unchained","movie","2012"
"omdb","Dr Strangelove (1964)","Comedy, War","An insane general triggers a path to nuclear holocaust that a war room full of politicians and generals frantically try to stop.","8.5","Dr. Strangelove or: How I Learned to Stop Worrying and Love the Bomb","movie","1964"
"omdb","Dredd (2012)","Action, Sci-Fi","In a violent, futuristic city where the police have the authority to act as judge, jury and executioner, a cop teams with a trainee to take down a gang that deals the reality-altering drug, SLO-MO.","7.0","Dredd","movie","2012"
"omdb","Eureka (2000)","Comedy, Drama, Sci-Fi","The best minds in the US are tucked away in a remote town where they build futuristic inventions for the government's benefit.","7.9","Eureka","movie","2006–2012"
"omdb","Ex Machina (2015)","Drama, Mystery, Romance","A young programmer is selected to participate in a ground-breaking experiment in artificial intelligence by evaluating the human qualities of a breath-taking female A.I.","7.7","Ex Machina","movie","2015"
"omdb","Exit Through the Gift Shop (2010)","Documentary, Comedy","The story of how an eccentric French shop keeper and amateur film maker attempted to locate and befriend Banksy, only to have the artist turn the camera back on its owner. The film contains...","8.0","Exit Through the Gift Shop","movie","2010"
"omdb","Eyes Wide Shut (1999)","Drama, Mystery, Thriller","A New York City doctor, who is married to an art curator, pushes himself on a harrowing and dangerous night-long odyssey of sexual and moral discovery after his wife admits that she once almost cheated on him.","7.3","Eyes Wide Shut","movie","1999"
"omdb","Fish Tank (2009)","Drama","Everything changes for 15-year-old Mia when her mum brings home a new boyfriend.","7.3","Fish Tank","movie","2009"
"omdb","Forrest Gump (1994)","Drama, Romance","Forrest Gump, while not intelligent, has accidentally been present at many historic moments, but his true love, Jenny Curran, eludes him.","8.8","Forrest Gump","movie","1994"
"omdb","Killing Them Softly (2012)","Crime, Thriller","Jackie Cogan is an enforcer hired to restore order after three dumb guys rob a Mob protected card game, causing the local criminal economy to collapse.","6.2","Killing Them Softly","movie","2012"
"omdb","Kingdom of Heaven (2005)","Action, Adventure, Drama","Balian of Ibelin travels to Jerusalem during the crusades of the 12th century, and there he finds himself as the defender of the city and its people.","7.2","Kingdom of Heaven","movie","2005"
"omdb","Laurence Anyways (2012)","Drama, Romance","A drama that charts ten years in the relationship of a male-to-female transsexual's relationship with her lover.","7.6","Laurence Anyways","movie","2012"
"omdb","Little Miss Sunshine (2006)","Comedy, Drama","A family determined to get their young daughter into the finals of a beauty pageant take a cross-country trip in their VW bus.","7.9","Little Miss Sunshine","movie","2006"
"omdb","Lost in Translation (2003)","Drama","A faded movie star and a neglected young woman form an unlikely bond after crossing paths in Tokyo.","7.8","Lost in Translation","movie","2003"
"omdb","Love Exposure (2008)","Action, Comedy, Drama","A bizarre love triangle forms between a young Catholic upskirt photographer, a misandric girl and a manipulative cultist.","8.1","Love Exposure","movie","2008"
"omdb","Mad Max Fury Road (2015)","Action, Adventure, Sci-Fi","A woman rebels against a tyrannical ruler in post apocalyptic Australia in search for her homeland with the help of a group of female prisoners, a psychotic worshiper, and a drifter named Max.","8.3","Mad Max: Fury Road","movie","2015"
"omdb","Memento (2000)","Mystery, Thriller","A man creates a strange system to help him remember things; so he can hunt for the murderer of his wife without his short-term memory loss being an obstacle.","8.5","Memento","movie","2000"
"omdb","Memories Of Murder (2003)","Crime, Drama, Mystery","In 1986, in the province of Gyunggi, in South Korea, a second young and beautiful woman is found dead, raped and tied and gagged with her underwear. Detective Park Doo-Man and Detective Cho...","8.1","Memories of Murder","movie","2003"
"omdb","Metropolis (1927)","Drama, Sci-Fi","In a futuristic city sharply divided between the working class and the city planners, the son of the city's mastermind falls in love with a working class prophet who predicts the coming of a savior to mediate their differences.","8.3","Metropolis","movie","1927"
"omdb","Millennium Actress (2001)","Animation, Drama, Fantasy","A TV interviewer and his cameraman meet a former actress and travel through her memories and career.","7.9","Millennium Actress","movie","2001"
"omdb","Mishima A Life In Four Chapters (1985)","Biography, Drama","A fictionalized account in four segments of the life of Japan's celebrated twentieth-century author Yukio Mishima. Three of the segments parallel events in Mishima's life with his novels (...","7.9","Mishima: A Life in Four Chapters","movie","1985"
"omdb","Mommy (2014)","Drama","A widowed single mother, raising her violent son alone, finds new hope when a mysterious neighbor inserts herself into their household.","8.2","Mommy","movie","2014"
"omdb","Monty Python and the Holy Grail (1974)","Adventure, Comedy, Fantasy","King Arthur and his knights embark on a low-budget search for the Grail, encountering many very silly obstacles.","8.3","Monty Python and the Holy Grail","movie","1975"
"omdb","Avengers Age of Ultron (2015)","Short, Comedy","N/A","7.6","Avengers Age of Ultron: Marvelous Movie Shawarma","movie","2013"
"omdb","Blue Ruin (2013)","Crime, Drama, Thriller","A mysterious outsider's quiet life is turned upside down when he returns to his childhood home to carry out an act of vengeance. Proving himself an amateur assassin, he winds up in a brutal fight to protect his estranged family.","7.1","Blue Ruin","movie","2013"
"omdb","Dead Man (1995)","Drama, Fantasy, Western","On the run after murdering a man, accountant William Blake encounters a strange North American man named Nobody who prepares him for his journey into the spiritual world.","7.7","Dead Man","movie","1995"
"omdb","Foxcatcher (2014)","Biography, Drama, Sport","The greatest Olympic Wrestling Champion brother team joins Team Foxcatcher led by multimillionaire sponsor John E. du Pont as they train for the 1988 games in Seoul - a union that leads to unlikely circumstances.","7.1","Foxcatcher","movie","2014"
"omdb","Jurassic Park (1993)","Adventure, Sci-Fi, Thriller","During a preview tour, a theme park suffers a major power breakdown that allows its cloned dinosaur exhibits to run amok.","8.1","Jurassic Park","movie","1993"
"omdb","Mr Nobody (2009)","Short, Music","N/A","N/A","Mr Nobody 370","movie","2015"
"omdb","Point Break (1991)","Action, Crime, Thriller","An FBI agent goes undercover to catch a gang of bank robbers who may be surfers.","7.2","Point Break","movie","1991"
"omdb","The Aviator (2004)","Biography, Drama","A biopic depicting the early years of legendary director and aviator Howard Hughes' career, from the late 1920s to the mid-1940s.","7.5","The Aviator","movie","2004"
"omdb","The Zero Theorem (2014)","Drama, Fantasy, Sci-Fi","A hugely talented but socially isolated computer operator is tasked by Management to prove the Zero Theorem: that the universe ends as nothing, rendering life meaningless. But meaning is ...","6.1","The Zero Theorem","movie","2013"
"omdb","There Will Be Blood (2007)","Drama","A story of family, religion, hatred, oil and madness, focusing on a turn-of-the-century prospector in the early days of the business.","8.1","There Will Be Blood","movie","2007"
"omdb","Thor (2011)","Action, Adventure, Fantasy","The powerful but arrogant god Thor is cast out of Asgard to live amongst humans in Midgard (Earth), where he soon becomes one of their finest defenders.","7.0","Thor","movie","2011"
"omdb","Traffic (2000)","Crime, Drama, Thriller","A conservative judge is appointed by the President to spearhead America's escalating war against drugs, only to discover that his teenage daughter is a crack addict. Two DEA agents protect an informant. A jailed drug baron's wife attempts to carry on the family business.","7.7","Traffic","movie","2000"
"omdb","Trainspotting (1996)","Drama","Renton, deeply immersed in the Edinburgh drug scene, tries to clean up and get out, despite the allure of the drugs and influence of friends.","8.2","Trainspotting","movie","1996"
"omdb","Twelve Monkeys (1995)","Mystery, Sci-Fi, Thriller","In a future world devastated by disease, a convict is sent back in time to gather information about the man-made virus that wiped out most of the human population on the planet.","8.1","Twelve Monkeys","movie","1995"
"omdb","V for Vendetta (2006)","Action, Drama, Thriller","In a future British tyranny, a shadowy freedom fighter, known only by the alias of ""V"", plots to overthrow it with the help of a young woman.","8.2","V for Vendetta","movie","2005"
"omdb","Valhalla Rising (2009)","Adventure, Drama, Fantasy","1000 AD, for years, One Eye, a mute warrior of supernatural strength, has been held prisoner by the Norse chieftain Barde. Aided by Are, a boy slave, One Eye slays his captor and together ...","6.0","Valhalla Rising","movie","2009"
"omdb","Waking Life (2001)","Animation, Drama, Fantasy","A man shuffles through a dream meeting various people and discussing the meanings and purposes of the universe.","7.8","Waking Life","movie","2001"
"omdb","Whiplash (2014)","Drama, Music","A promising young drummer enrolls at a cut-throat music conservatory where his dreams of greatness are mentored by an instructor who will stop at nothing to realize a student's potential.","8.5","Whiplash","movie","2014"
"omdb","Wild (2014)","Adventure, Biography, Drama","A chronicle of one woman's 1,100-mile solo hike undertaken as a way to recover from a recent personal tragedy.","7.2","Wild","movie","2014"
"omdb","Wreck-It Ralph (2012)","Animation, Adventure, Comedy","A video game villain wants to be a hero and sets out to fulfill his dream, but his quest brings havoc to the whole arcade where he lives.","7.8","Wreck-It Ralph","movie","2012"
"omdb","Zodiac (2007)","Crime, Drama, Mystery","A San Francisco cartoonist becomes an amateur detective obsessed with tracking down the Zodiac killer.","7.7","Zodiac","movie","2007"
"omdb","Babel (2006)","Drama","Tragedy strikes a married couple on vacation in the Moroccan desert, touching off an interlocking story involving four different families.","7.5","Babel","movie","2006"
"omdb","Barbara (2012)","Drama","A doctor working in 1980s East Germany finds herself banished to a small country hospital.","7.1","Barbara","movie","2012"
"omdb","Barry Lyndon (1975)","Adventure, Drama, History","An Irish rogue wins the heart of a rich widow and assumes her dead husband's aristocratic position in 18th-century England.","8.1","Barry Lyndon","movie","1975"
"omdb","Being John Malkovich (1999)","Comedy, Drama, Fantasy","A puppeteer discovers a portal that leads literally into the head of the movie star, John Malkovich.","7.8","Being John Malkovich","movie","1999"
"omdb","Birdman (2014)","Animation, Action, Adventure","A winged superhero who gets his powers from the sun battles various evildoers with the help of his eagle sidekick Avenger.","7.0","Birdman","movie","1967–1969"
"omdb","Blackhat (2015)","Action, Crime, Drama","A furloughed convict and his American and Chinese partners hunt a high-level cybercrime network from Chicago to Los Angeles to Hong Kong to Jakarta.","5.4","Blackhat","movie","2015"
"omdb","Blade Runner (1982)","Sci-Fi, Thriller","A blade runner must pursue and try to terminate four replicants who stole a ship in space and have returned to Earth to find their creator.","8.2","Blade Runner","movie","1982"
"omdb","Full Metal Jacket (1987)","Drama, War","A pragmatic U.S. Marine observes the dehumanizing effects the U.S.-Vietnam War has on his fellow recruits from their brutal boot camp training to the bloody street fighting in Hue.","8.3","Full Metal Jacket","movie","1987"
"omdb","Gattaca (1997)","Drama, Sci-Fi, Thriller","A genetically inferior man assumes the identity of a superior one in order to pursue his lifelong dream of space travel.","7.8","Gattaca","movie","1997"
"omdb","Gladiator (2000)","Action, Drama","When a Roman general is betrayed and his family murdered by an emperor's corrupt son, he comes to Rome as a gladiator to seek revenge.","8.5","Gladiator","movie","2000"
"omdb","Good Will Hunting (1997)","Drama","Will Hunting, a janitor at M.I.T., has a gift for mathematics, but needs help from a psychologist to find direction in his life.","8.3","Good Will Hunting","movie","1997"
"omdb","Gosford Park (2001)","Drama, Mystery","The lives of upstairs guest and downstairs servants at a party in 1932 in a country house in England as they investigate a murder involving one of them.","7.3","Gosford Park","movie","2001"
"omdb","Harakiri (1962)","Action, Drama, History","An elder ronin samurai arrives at a feudal lord's home and requests an honorable place to commit suicide. But when the ronin inquires about a younger samurai who arrived before him things take an unexpected turn.","8.7","Harakiri","movie","1962"
"omdb","Her (2013)","Drama, Romance, Sci-Fi","A lonely writer develops an unlikely relationship with his newly purchased operating system that's designed to meet his every need.","8.0","Her","movie","2013"
"omdb","How to Train Your Dragon 2 (2014)","Animation, Action, Adventure","When Hiccup and Toothless discover an ice cave that is home to hundreds of new wild dragons and the mysterious Dragon Rider, the two friends find themselves at the center of a battle to protect the peace.","7.9","How to Train Your Dragon 2","movie","2014"
"omdb","I Origins (2014)","Drama","A molecular biologist and his laboratory partner uncover evidence that may fundamentally change society as we know it.","7.3","I Origins","movie","2014"
"omdb","Inception (2010)","Action, Mystery, Sci-Fi","A thief who steals corporate secrets through use of dream-sharing technology is given the inverse task of planting an idea into the mind of a CEO.","8.8","Inception","movie","2010"
"omdb","Inglourious Basterds (2009)","Adventure, Drama, War","In Nazi-occupied France during World War II, a plan to assassinate Nazi leaders by a group of Jewish U.S. soldiers coincides with a theatre owner's vengeful plans for the same.","8.3","Inglourious Basterds","movie","2009"
"omdb","Interstellar (2014)","Adventure, Drama, Sci-Fi","A team of explorers travel through a wormhole in space in an attempt to ensure humanity's survival.","8.7","Interstellar","movie","2014"
"omdb","Into The Wild (2007)","Adventure, Biography, Drama","After graduating from Emory University, top student and athlete Christopher McCandless abandons his possessions, gives his entire $24,000 savings account to charity and hitchhikes to Alaska to live in the wilderness. Along the way, Christopher encounters a series of characters that shape his life.","8.2","Into the Wild","movie","2007"
"omdb","J.S.A. Joint Security Area (2000)","Drama, Thriller, War","In the DMZ separating North and South Korea, two North Korean soldiers have been killed, supposedly by one South Korean soldier. But the 11 bullets found in the bodies, together with the 5 ...","7.9","J.S.A.: Joint Security Area","movie","2000"
"omdb","Jackie Brown (1997)","Crime, Drama, Thriller","A middle-aged woman finds herself in the middle of a huge conflict that will either make her a profit or cost her her life.","7.5","Jackie Brown","movie","1997"
"omdb","Jacob's Ladder (1990)","Drama, Horror, Mystery","Mourning his dead child, a haunted Vietnam war veteran attempts to discover his past while suffering from a severe case of dissociation. To do so, he must decipher reality and life from his own dreams, delusion, and perception of death.","7.5","Jacob's Ladder","movie","1990"
"omdb","JFK (1991)","Drama, History, Thriller","A New Orleans DA discovers there's more to the Kennedy assassination than the official story.","8.0","JFK","movie","1991"
"omdb","Jupiter Ascending (2015)","Action, Adventure, Sci-Fi","A young woman discovers her destiny as an heiress of intergalactic nobility and must fight to protect the inhabitants of Earth from an ancient and destructive industry.","5.5","Jupiter Ascending","movie","2015"
"omdb","Mulholland Drive (2001)","Drama, Mystery, Thriller","After a car wreck on the winding Mulholland Drive renders a woman amnesiac, she and a perky Hollywood-hopeful search for clues and answers across Los Angeles in a twisting venture beyond dreams and reality.","8.0","Mulholland Drive","movie","2001"
"omdb","Munich (2005)","Drama, History, Thriller","Based on the true story of the Black September aftermath, about the five men chosen to eliminate the ones responsible for that fateful day.","7.6","Munich","movie","2005"
"omdb","Natural Born Killers (1994)","Crime, Drama, Romance","Two victims of traumatized childhoods become lovers and psychopathic serial murderers irresponsibly glorified by the mass media.","7.3","Natural Born Killers","movie","1994"
"omdb","Never Sleep Again The Elm Street Legacy (2010)","Documentary, Horror","Explore the origins of ""dream demon"" Freddy Krueger in this award-winning documentary that takes you behind the scenes of the most frightening and imaginative horror franchise in motion picture history!","8.7","Never Sleep Again: The Elm Street Legacy","movie","2010"
"omdb","Noah (2014)","Action, Adventure, Drama","A man is chosen by his world's creator to undertake a momentous mission before an apocalyptic flood cleanses the world.","5.9","Noah","movie","2014"
"omdb","Nobody Knows (2004)","Drama","In a small Tokyo apartment, twelve-year-old Akira must care for his younger siblings after their mother leaves them and shows no sign of returning.","8.1","Nobody Knows","movie","2004"
"omdb","Only Lovers Left Alive (2013)","Drama, Horror, Romance","A depressed musician reunites with his lover, though their romance - which has already endured several centuries - is disrupted by the arrival of her uncontrollable younger sister.","7.3","Only Lovers Left Alive","movie","2013"
"omdb","Pacific Rim (2013)","Action, Adventure, Sci-Fi","As a war between humankind and monstrous sea creatures wages on, a former pilot and a trainee are paired up to drive a seemingly obsolete special weapon in a desperate effort to save the world from the apocalypse.","7.0","Pacific Rim","movie","2013"
"omdb","Paths of Glory (1957)","Comedy, Drama, War","Based on the 1935 novel of the same name, it tells the story of an ill-fated assault on German forces by French soldiers, and the grippling consequences those soldiers face when they refuse to follow through with it.","8.5","Paths of Glory","movie","1957"
"omdb","Pi (1998)","Drama, Thriller","A paranoid mathematician searches for a key number that will unlock the universal patterns found in nature.","7.5","Pi","movie","1998"
"omdb","Planet Terror (2007)","Action, Comedy, Horror","After an experimental bio-weapon is released, turning thousands into zombie-like creatures, it's up to a rag-tag group of survivors to stop the infected and those behind its release.","7.2","Planet Terror","movie","2007"
"omdb","The Broken Circle Breakdown (2012)","Drama, Music, Romance","Elise and Didier fall in love at first sight, in spite of their differences. He talks, she listens. He's a romantic atheist, she's a religious realist. When their daughter becomes seriously ill, their love is put on trial.","7.8","The Broken Circle Breakdown","movie","2012"
"omdb","The Chaser (2008)","Thriller","A cash-strapped pimp and former police detective draws upon the skills of his old job to track down his missing stable of prostitutes.","7.9","The Chaser","movie","2008"
"omdb","The Drop (2014)","Crime, Drama","Bob Saginowski finds himself at the center of a robbery gone awry and entwined in an investigation that digs deep into the neighborhood's past where friends, families, and foes all work together to make a living - no matter the cost.","7.1","The Drop","movie","2014"
"omdb","The Elephant Man (1980)","Biography, Drama","A Victorian surgeon rescues a heavily disfigured man who is mistreated while scraping a living as a side-show freak. Behind his monstrous facade, there is revealed a person of intelligence and sensitivity.","8.2","The Elephant Man","movie","1980"
"omdb","The Flowers Of War (2011)","Drama, History, War","A Westerner finds refuge with a group of women in a church during Japan's rape of Nanking in 1937. Posing as a priest, he attempts to lead the women to safety.","7.6","The Flowers of War","movie","2011"
"omdb","The Fountain (2006)","Drama, Romance, Sci-Fi","As a modern-day scientist, Tommy is struggling with mortality, desperately searching for the medical breakthrough that will save the life of his cancer-stricken wife, Izzi.","7.3","The Fountain","movie","2006"
"omdb","The Game (1997)","Drama, Mystery, Thriller","Wealthy San Francisco financier Nicholas Van Orton gets a strange birthday present from wayward brother Conrad: a live-action game that consumes his life.","7.8","The Game","movie","1997"
"omdb","The Hobbit An Unexpected Journey (2012)","Adventure, Fantasy","A reluctant hobbit, Bilbo Baggins, sets out to the Lonely Mountain with a spirited group of dwarves to reclaim their mountain home - and the gold within it - from the dragon Smaug.","8.0","The Hobbit: An Unexpected Journey","movie","2012"
"omdb","The Hunt (2012)","Drama","A teacher lives a lonely life, all the while struggling over his son's custody. His life slowly gets better as he finds love and receives good news from his son, but his new luck is about to be brutally shattered by an innocent little lie.","8.3","The Hunt","movie","2012"
"omdb","The Hurt Locker (2008)","Drama, History, Thriller","During the Iraq War, a Sergeant recently assigned to an army bomb squad is put at odds with his squad mates due to his maverick way of handling his work.","7.6","The Hurt Locker","movie","2008"
"omdb","The Illusionist (2006)","Drama, Mystery, Romance","In turn-of-the-century Vienna, a magician uses his abilities to secure the love of a woman far above his social standing.","7.6","The Illusionist","movie","2006"
"omdb","The Judge (2014)","Crime, Drama","Big-city lawyer Hank Palmer returns to his childhood home where his father, the town's judge, is suspected of murder. Hank sets out to discover the truth and, along the way, reconnects with his estranged family.","7.4","The Judge","movie","2014"
"omdb","The Man From Earth (2007)","Drama, Sci-Fi","An impromptu goodbye party for Professor John Oldman becomes a mysterious interrogation after the retiring scholar reveals to his colleagues he never ages and has walked the earth for 14,000 years.","8.0","The Man from Earth","movie","2007"
"omdb","The Man From Nowhere (2010)","Action, Crime, Thriller","A quiet pawnshop keeper with a violent past takes on a drug- and organ trafficking ring in hope of saving the child who is his only friend.","7.9","The Man from Nowhere","movie","2010"
"omdb","The Maze Runner (2014)","Action, Mystery, Sci-Fi","Thomas is deposited in a community of boys after his memory is erased, soon learning they're all trapped in a maze that will require him to join forces with fellow ""runners"" for a shot at escape.","6.8","The Maze Runner","movie","2014"
"omdb","The Mist (2007)","Horror, Sci-Fi, Thriller","A freak storm unleashes a species of blood-thirsty creatures on a small town, where a small band of citizens hole up in a supermarket and fight for their lives.","7.2","The Mist","movie","2007"
"omdb","The Pursuit of Happyness (2006)","Biography, Drama","A struggling salesman takes custody of his son as he's poised to begin a life-changing professional endeavor.","7.9","The Pursuit of Happyness","movie","2006"
"omdb","The Rover (2014)","Crime, Drama","10 years after a global economic collapse, a hardened loner pursues the men who stole his only possession, his car. Along the way, he captures one of the thieves' brother, and the duo form an uneasy bond during the dangerous journey.","6.4","The Rover","movie","2014"
"omdb","The Shawshank Redemption (1994)","Crime, Drama","Two imprisoned men bond over a number of years, finding solace and eventual redemption through acts of common decency.","9.3","The Shawshank Redemption","movie","1994"
"omdb","The Shining (1980)","Horror","A family heads to an isolated hotel for the winter where an evil and spiritual presence influences the father into violence, while his psychic son sees horrific forebodings from the past and of the future.","8.4","The Shining","movie","1980"
"omdb","The Tree Of Life (2011)","Drama, Fantasy","The story of a family in Waco, Texas in 1956. The eldest son witnesses the loss of innocence and struggles with his parents' conflicting teachings.","6.7","The Tree of Life","movie","2011"
"omdb","The Truman Show (1998)","Drama","An insurance salesman/adjuster discovers his entire life is actually a T.V. show.","8.1","The Truman Show","movie","1998"
"omdb","The Usual Suspects (1995)","Crime, Drama, Thriller","A sole survivor tells of the twisty events leading up to a horrific gun battle on a boat, which begin when five criminals meet at a seemingly random police lineup.","8.6","The Usual Suspects","movie","1995"
"omdb","The Wrestler (2008)","Drama, Sport","A faded professional wrestler must retire, but finds his quest for a new life outside the ring a dispiriting struggle.","7.9","The Wrestler","movie","2008"
"omdb","Burn After Reading (2008)","Comedy, Crime, Drama","A disk containing the memoirs of a CIA agent ends up in the hands of two unscrupulous gym employees who attempt to sell it.","7.0","Burn After Reading","movie","2008"
"omdb","Capote (2005)","Biography, Crime, Drama","In 1959, Truman Capote learns of the murder of a Kansas family and decides to write a book about the case. While researching for his novel In Cold Blood, Capote forms a relationship with one of the killers, Perry Smith, who is on death row.","7.4","Capote","movie","2005"
"omdb","Captain Phillips (2013)","Biography, Drama, Thriller","The true story of Captain Richard Phillips and the 2009 hijacking by Somali pirates of the US-flagged MV Maersk Alabama, the first American cargo ship to be hijacked in two hundred years.","7.9","Captain Phillips","movie","2013"
"omdb","Chico & Rita (2010)","War, Drama","The adventures of a young man as he moves from the Latin-American revolutions in the sixties and seventies, through Hungary in the eighties, to the Croatian war in 1991.","7.2","Chico","movie","2001"
"omdb","Children of Men (2006)","Drama, Sci-Fi, Thriller","In 2027, in a chaotic world in which women have become somehow infertile, a former activist agrees to help transport a miraculously pregnant woman to a sanctuary at sea.","7.9","Children of Men","movie","2006"
"omdb","Citizen Kane (1941)","Drama, Mystery","Following the death of a publishing tycoon, news reporters scramble to discover the meaning of his final utterance.","8.4","Citizen Kane","movie","1941"
"omdb","Citizenfour (2014)","Documentary","A documentarian and a reporter travel to Hong Kong for the first of many meetings with Edward Snowden.","8.1","Citizenfour","movie","2014"
"omdb","Cloud Atlas (2012)","Drama, Sci-Fi","An exploration of how the actions of individual lives impact one another in the past, present and future, as one soul is shaped from a killer into a hero, and an act of kindness ripples across centuries to inspire a revolution.","7.5","Cloud Atlas","movie","2012"
"omdb","Confessions Of A Dangerous Mind (2002)","Biography, Comedy, Crime","An adaptation of the cult memoir of game show impresario Chuck Barris, in which he purports to have been a CIA hitman.","7.1","Confessions of a Dangerous Mind","movie","2002"
"omdb","Contact (1997)","Drama, Mystery, Sci-Fi","Dr. Ellie Arroway, after years of searching, finds conclusive radio proof of intelligent aliens, who send plans for a mysterious machine.","7.4","Contact","movie","1997"
"omdb","Corpse Bride (2005)","Animation, Fantasy, Musical","When a shy groom practices his wedding vows in the inadvertent presence of a deceased young woman, she rises from the grave assuming he has married her.","7.4","Corpse Bride","movie","2005"
"omdb","Cure (1997)","Drama","N/A","4.4","Cure","movie","2011"
"omdb","Dallas Buyers Club (2013)","Biography, Drama","In 1985 Dallas, electrician and hustler Ron Woodroof works around the system to help AIDS patients get the medication they need after he is diagnosed with the disease.","8.0","Dallas Buyers Club","movie","2013"
"omdb","Dark City (1998)","Drama, Fantasy, Sci-Fi","A man struggles with memories of his past, including a wife he cannot remember, in a nightmarish world with no sun and run by beings with telekinetic powers who seek the souls of humans.","7.7","Dark City","movie","1998"
